"image","xmin","ymin","xmax","ymax","label"
"496_RGB.png",301.991341991342,402.4242424242424,404.5021645021645,525.021645021645,"avocado-emp"
"498_RGB.png",168.3116883116883,292.987012987013,305.45454545454544,431.5151515151515,"avocado-emp"
"499_RGB.png",117.74891774891775,285.3679653679654,261.8181818181818,432.2077922077922,"avocado-emp"
"497_RGB.png",263.8961038961039,384.4155844155844,367.09956709956714,494.54545454545456,"avocado-emp"
"500_RGB.png",144.76190476190476,339.3939393939394,284.67532467532465,464.069264069264,"avocado-emp"
"501_RGB.png",226.4935064935065,276.3636363636364,349.09090909090907,389.9567099567099,"avocado-emp"
"526_RGB.png",227.18614718614717,405.19480519480516,373.3333333333333,522.2510822510822,"avocado-emp"
"525_RGB.png",309.6103896103896,428.05194805194805,415.5844155844155,538.1818181818181,"avocado-emp"
"524_RGB.png",187.7056277056277,370.56277056277054,304.76190476190476,500.08658008658006,"avocado-emp"
"527_RGB.png",277.74891774891773,313.0735930735931,398.9610389610389,431.5151515151515,"avocado-emp"
"554_RGB.png",204.32900432900433,311.68831168831167,335.9307359307359,447.4458874458874,"avocado-emp"
"553_RGB.png",331.08225108225105,285.3679653679654,439.8268398268398,403.80952380952385,"avocado-emp"
"552_RGB.png",254.89177489177487,326.23376623376623,377.48917748917745,438.4415584415584,"avocado-emp"
"528_RGB.png",272.90043290043286,261.8181818181818,393.41991341991337,367.79220779220776,"avocado-emp"
"529_RGB.png",297.83549783549785,81.73160173160173,423.20346320346323,205.71428571428572,"avocado-emp"
"555_RGB.png",187.7056277056277,338.7012987012987,310.995670995671,461.991341991342,"avocado-emp"
"556_RGB.png",167.61904761904762,287.4458874458874,292.987012987013,413.5064935064935,"avocado-emp"
"580_RGB.png",268.7445887445887,367.0995670995671,398.9610389610389,485.54112554112555,"avocado-emp"
"557_RGB.png",185.6277056277056,169.6969696969697,322.07792207792204,290.9090909090909,"avocado-emp"
"581_RGB.png",331.7748917748918,309.6103896103896,435.6709956709957,409.3506493506493,"avocado-emp"
"583_RGB.png",261.8181818181818,135.75757575757575,391.34199134199133,255.58441558441558,"avocado-emp"
"582_RGB.png",179.39393939393938,302.68398268398266,314.45887445887445,430.1298701298701,"avocado-emp"
"585_RGB.png",261.12554112554113,166.9264069264069,388.57142857142856,294.37229437229433,"avocado-emp"
"608_RGB.png",256.27705627705626,295.75757575757575,380.95238095238096,419.04761904761904,"avocado-emp"
"584_RGB.png",259.04761904761904,292.987012987013,385.1082251082251,420.4329004329004,"avocado-emp"
"612_RGB.png",263.8961038961039,290.2164502164502,383.72294372294374,410.04329004329,"avocado-emp"
"611_RGB.png",230.64935064935065,240.34632034632034,356.01731601731603,349.09090909090907,"avocado-emp"
"609_RGB.png",281.90476190476187,301.991341991342,397.5757575757575,425.28138528138527,"avocado-emp"
"610_RGB.png",245.88744588744586,251.42857142857142,355.3246753246753,380.95238095238096,"avocado-emp"
"613_RGB.png",250.04329004329003,277.74891774891773,370.56277056277054,391.34199134199133,"avocado-emp"
"636_RGB.png",166.23376623376623,365.7142857142857,298.5281385281385,491.0822510822511,"avocado-emp"
"639_RGB.png",157.92207792207793,135.75757575757575,316.53679653679654,259.7402597402597,"avocado-emp"
"637_RGB.png",286.75324675324674,260.43290043290045,407.96536796536793,376.1038961038961,"avocado-emp"
"640_RGB.png",193.24675324675323,304.76190476190476,335.2380952380952,451.60173160173156,"avocado-emp"
"638_RGB.png",178.008658008658,288.8311688311688,315.8441558441558,417.6623376623376,"avocado-emp"
"664_RGB.png",250.73593073593074,339.39393939393943,365.7142857142857,450.2164502164502,"avocado-emp"
"641_RGB.png",225.80086580086578,220.95238095238093,356.017316017316,360.1731601731601,"avocado-emp"
"665_RGB.png",295.75757575757575,252.12121212121212,405.1948051948052,368.4848484848485,"avocado-emp"
"667_RGB.png",200.86580086580085,193.93939393939394,350.4761904761905,334.5454545454545,"avocado-emp"
"666_RGB.png",189.0909090909091,270.12987012987014,317.2294372294372,414.19913419913416,"avocado-emp"
"693_RGB.png",252.12121212121212,275.67099567099564,377.4891774891775,412.8138528138528,"avocado-emp"
"668_RGB.png",220.25974025974025,280.5194805194805,335.9307359307359,411.42857142857144,"avocado-emp"
"669_RGB.png",251.42857142857142,200.86580086580085,356.7099567099567,334.5454545454545,"avocado-emp"
"692_RGB.png",245.88744588744586,348.3982683982684,364.3290043290043,489.00432900432895,"avocado-emp"
"694_RGB.png",242.4242424242424,272.2077922077922,376.79653679653677,389.9567099567099,"avocado-emp"
"720_RGB.png",189.78354978354977,326.9264069264069,326.9264069264069,462.68398268398266,"avocado-emp"
"697_RGB.png",192.55411255411255,464.76190476190476,308.9177489177489,600.5194805194806,"avocado-emp"
"696_RGB.png",305.45454545454544,192.55411255411255,423.2034632034632,303.37662337662334,"avocado-emp"
"695_RGB.png",266.66666666666663,300.60606060606057,382.3376623376623,423.2034632034632,"avocado-emp"
"721_RGB.png",192.55411255411255,297.83549783549785,325.54112554112555,431.5151515151515,"avocado-emp"
"724_RGB.png",187.012987012987,265.28138528138527,328.3116883116883,378.18181818181813,"avocado-emp"
"725_RGB.png",236.19047619047618,196.7099567099567,347.7056277056277,317.2294372294372,"avocado-emp"
"722_RGB.png",225.80086580086578,312.38095238095235,346.3203463203463,436.3636363636363,"avocado-emp"
"748_RGB.png",225.80086580086578,245.88744588744586,364.3290043290043,386.49350649350646,"avocado-emp"
"723_RGB.png",251.42857142857142,286.06060606060606,380.95238095238096,383.030303030303,"avocado-emp"
"749_RGB.png",249.35064935064935,229.26406926406926,367.7922077922078,365.71428571428567,"avocado-emp"
"750_RGB.png",174.54545454545453,308.9177489177489,320.6926406926407,434.2857142857143,"avocado-emp"
"752_RGB.png",166.23376623376623,224.41558441558442,265.97402597402595,353.93939393939394,"avocado-emp"
"751_RGB.png",258.35497835497836,250.04329004329003,376.79653679653677,362.94372294372295,"avocado-emp"
"753_RGB.png",192.55411255411255,191.16883116883116,326.23376623376623,320,"avocado-emp"
"777_RGB.png",290.9090909090909,236.88311688311688,407.96536796536793,384.4155844155844,"avocado-emp"
"780_RGB.png",216.1038961038961,184.24242424242422,341.4718614718615,319.3073593073593,"avocado-emp"
"779_RGB.png",154.45887445887445,105.97402597402596,283.98268398268397,266.66666666666663,"avocado-emp"
"776_RGB.png",262.5108225108225,287.4458874458874,388.57142857142856,418.35497835497836,"avocado-emp"
"778_RGB.png",191.16883116883116,141.2987012987013,336.6233766233766,277.74891774891773,"avocado-emp"
"805_RGB.png",268.7445887445887,223.03030303030303,394.1125541125541,367.7922077922078,"avocado-emp"
"807_RGB.png",214.7186147186147,229.26406926406926,331.08225108225105,372.64069264069263,"avocado-emp"
"806_RGB.png",203.63636363636363,222.33766233766232,345.6277056277056,345.6277056277056,"avocado-emp"
"781_RGB.png",234.8051948051948,207.09956709956708,339.3939393939394,360.1731601731601,"avocado-emp"
"804_RGB.png",256.96969696969694,219.56709956709955,378.8744588744588,365.71428571428567,"avocado-emp"
"809_RGB.png",250.04329004329003,137.83549783549782,365.71428571428567,271.5151515151515,"avocado-emp"
"808_RGB.png",130.2164502164502,213.33333333333331,254.19913419913416,360.1731601731601,"avocado-emp"
"834_RGB.png",139.2207792207792,376.79653679653677,277.74891774891773,509.78354978354974,"avocado-emp"
"832_RGB.png",278.4415584415584,491.7748917748917,397.57575757575756,621.9913419913419,"avocado-emp"
"833_RGB.png",239.65367965367963,400.34632034632034,362.94372294372295,539.5670995670996,"avocado-emp"
"835_RGB.png",202.25108225108224,324.15584415584414,315.8441558441558,466.83982683982686,"avocado-emp"
"836_RGB.png",177.3160173160173,296.45021645021643,293.67965367965365,453.67965367965365,"avocado-emp"
"837_RGB.png",227.87878787878788,390.64935064935065,353.24675324675326,502.8571428571429,"avocado-emp"
"861_RGB.png",180.08658008658008,355.3246753246753,307.53246753246754,519.4805194805194,"avocado-emp"
"860_RGB.png",248.65800865800864,360.17316017316017,361.55844155844153,500.08658008658006,"avocado-emp"
"864_RGB.png",184.93506493506493,304.76190476190476,324.8484848484849,421.8181818181818,"avocado-emp"
"888_RGB.png",218.1818181818182,345.62770562770567,343.54978354978357,490.3896103896104,"avocado-emp"
"863_RGB.png",190.47619047619048,320.6926406926407,306.1471861471862,446.75324675324674,"avocado-emp"
"862_RGB.png",169.004329004329,337.3160173160173,291.6017316017316,479.30735930735926,"avocado-emp"
"865_RGB.png",150.30303030303028,316.53679653679654,281.90476190476187,458.5281385281385,"avocado-emp"
"890_RGB.png",148.91774891774892,273.5930735930736,284.67532467532465,407.27272727272725,"avocado-emp"
"891_RGB.png",166.9264069264069,326.9264069264069,300.6060606060606,468.9177489177489,"avocado-emp"
"892_RGB.png",180.08658008658008,266.66666666666663,340.08658008658006,369.87012987012986,"avocado-emp"
"893_RGB.png",173.16017316017314,225.1082251082251,301.2987012987013,383.7229437229437,"avocado-emp"
"889_RGB.png",206.4069264069264,341.4718614718615,328.3116883116883,498.7012987012987,"avocado-emp"
"1009_RGB.png",214.02597402597402,267.35930735930737,334.5454545454545,410.73593073593076,"avocado-emp"
"1006_RGB.png",157.9220779220779,333.16017316017314,290.9090909090909,489.6969696969697,"avocado-emp"
"1007_RGB.png",228.57142857142856,301.2987012987013,377.48917748917745,432.2077922077922,"avocado-emp"
"1008_RGB.png",200.86580086580085,291.6017316017316,335.9307359307359,438.4415584415584,"avocado-emp"
"1010_RGB.png",169.6969696969697,407.27272727272725,310.30303030303025,540.2597402597403,"avocado-emp"
"1011_RGB.png",255.58441558441558,294.37229437229433,367.0995670995671,412.8138528138528,"avocado-emp"
"1018_RGB.png",154.45887445887445,335.23809523809524,283.2900432900433,483.46320346320346,"avocado-emp"
"1020_RGB.png",209.87012987012986,329.6969696969697,333.16017316017314,456.45021645021643,"avocado-emp"
"1021_RGB.png",214.71861471861467,347.012987012987,336.62337662337654,491.0822510822511,"avocado-emp"
"1019_RGB.png",175.23809523809524,295.75757575757575,304.0692640692641,445.3679653679653,"avocado-emp"
"1030_RGB.png",207.09956709956708,301.2987012987013,335.9307359307359,442.5974025974026,"avocado-emp"
"1023_RGB.png",238.26839826839827,345.6277056277056,354.6320346320346,471.68831168831167,"avocado-emp"
"1022_RGB.png",211.25541125541125,331.08225108225105,320,469.6103896103896,"avocado-emp"
"1031_RGB.png",192.55411255411255,265.28138528138527,320,411.42857142857144,"avocado-emp"
"1032_RGB.png",226.4935064935065,296.45021645021643,340.77922077922074,416.27705627705626,"avocado-emp"
"1043_RGB.png",204.32900432900433,365.7142857142857,342.8571428571429,505.6277056277056,"avocado-emp"
"1042_RGB.png",167.61904761904762,357.4025974025974,292.2943722943723,527.0995670995671,"avocado-emp"
"1033_RGB.png",208.48484848484847,291.6017316017316,318.6147186147186,445.3679653679654,"avocado-emp"
"1034_RGB.png",193.24675324675323,308.2251082251082,306.8398268398268,440.5194805194805,"avocado-emp"
"1035_RGB.png",157.9220779220779,317.9220779220779,295.06493506493507,461.991341991342,"avocado-emp"
"1047_RGB.png",186.32034632034632,374.025974025974,316.5367965367965,516.7099567099567,"avocado-emp"
"1044_RGB.png",200.86580086580085,344.93506493506493,345.6277056277056,473.0735930735931,"avocado-emp"
"1045_RGB.png",167.61904761904762,328.3116883116883,315.8441558441558,473.07359307359303,"avocado-emp"
"1046_RGB.png",221.64502164502164,386.49350649350646,342.85714285714283,518.7878787878788,"avocado-emp"
"1054_RGB.png",190.47619047619048,274.97835497835496,338.008658008658,407.27272727272725,"avocado-emp"
"1056_RGB.png",209.87012987012986,306.1471861471861,340.77922077922074,437.74891774891773,"avocado-emp"
"1058_RGB.png",180.77922077922076,334.54545454545456,318.6147186147186,463.37662337662334,"avocado-emp"
"1055_RGB.png",177.3160173160173,324.15584415584414,310.995670995671,468.9177489177489,"avocado-emp"
"1059_RGB.png",147.53246753246754,314.45887445887445,284.67532467532465,461.2987012987013,"avocado-emp"
"1057_RGB.png",166.9264069264069,326.23376623376623,299.2207792207792,475.8441558441558,"avocado-emp"
"1067_RGB.png",173.85281385281385,313.76623376623377,306.83982683982686,464.76190476190476,"avocado-emp"
"1069_RGB.png",142.6839826839827,313.0735930735931,299.22077922077926,460.6060606060606,"avocado-emp"
"1070_RGB.png",197.4025974025974,327.6190476190476,333.16017316017314,451.60173160173156,"avocado-emp"
"1066_RGB.png",202.25108225108224,325.54112554112555,335.9307359307359,473.0735930735931,"avocado-emp"
"1068_RGB.png",158.6147186147186,274.2857142857143,310.30303030303025,400.34632034632034,"avocado-emp"
"1078_RGB.png",223.7229437229437,326.9264069264069,360.86580086580085,476.5367965367965,"avocado-emp"
"1071_RGB.png",226.4935064935065,301.991341991342,346.3203463203463,423.8961038961039,"avocado-emp"
"1080_RGB.png",220.95238095238093,338.7012987012987,375.4112554112554,457.83549783549785,"avocado-emp"
"1079_RGB.png",205.7142857142857,356.7099567099567,338.7012987012987,535.4112554112554,"avocado-emp"
"1081_RGB.png",189.78354978354977,322.7705627705628,335.2380952380952,473.76623376623377,"avocado-emp"
"1090_RGB.png",213.33333333333331,378.87445887445887,343.5497835497835,522.943722943723,"avocado-emp"
"1083_RGB.png",158.6147186147186,327.6190476190476,291.60173160173156,480,"avocado-emp"
"1091_RGB.png",179.39393939393938,342.16450216450215,308.9177489177489,493.16017316017314,"avocado-emp"
"1082_RGB.png",141.2987012987013,349.09090909090907,290.2164502164502,501.4718614718614,"avocado-emp"
"1092_RGB.png",235.4978354978355,378.1818181818182,366.4069264069264,503.54978354978357,"avocado-emp"
"1103_RGB.png",150.995670995671,403.8095238095238,277.74891774891773,612.2943722943722,"avocado-emp"
"1093_RGB.png",205.021645021645,352.5541125541125,338.008658008658,495.93073593073586,"avocado-emp"
"1095_RGB.png",222.33766233766232,332.46753246753246,341.4718614718615,464.76190476190476,"avocado-emp"
"1102_RGB.png",237.57575757575756,398.26839826839824,376.79653679653677,551.3419913419913,"avocado-emp"
"1094_RGB.png",226.4935064935065,369.1774891774892,356.01731601731603,489.6969696969697,"avocado-emp"
"1107_RGB.png",157.9220779220779,383.7229437229437,280.5194805194805,546.4935064935064,"avocado-emp"
"1104_RGB.png",183.54978354978354,277.74891774891773,335.9307359307359,432.90043290043286,"avocado-emp"
"1105_RGB.png",198.09523809523807,338.7012987012987,329.69696969696963,503.54978354978357,"avocado-emp"
"1106_RGB.png",169.004329004329,336.6233766233766,317.92207792207796,467.53246753246754,"avocado-emp"
"1114_RGB.png",232.034632034632,322.7705627705628,365.021645021645,475.1515151515151,"avocado-emp"
"1115_RGB.png",182.85714285714286,351.16883116883116,324.1558441558442,521.5584415584416,"avocado-emp"
"1119_RGB.png",189.0909090909091,346.3203463203463,327.6190476190476,502.1645021645021,"avocado-emp"
"1118_RGB.png",217.48917748917748,356.7099567099567,344.93506493506493,498.008658008658,"avocado-emp"
"1116_RGB.png",222.33766233766232,363.6363636363636,370.56277056277054,506.3203463203463,"avocado-emp"
"1117_RGB.png",227.87878787878788,335.9307359307359,359.48051948051943,495.9307359307359,"avocado-emp"
"1127_RGB.png",224.41558441558442,297.83549783549785,369.87012987012986,450.9090909090909,"avocado-emp"
"1126_RGB.png",227.87878787878788,345.6277056277056,364.3290043290043,495.93073593073586,"avocado-emp"
"1129_RGB.png",214.02597402597402,333.8528138528138,360.86580086580085,495.2380952380952,"avocado-emp"
"1130_RGB.png",220.25974025974025,319.3073593073593,358.0952380952381,441.21212121212125,"avocado-emp"
"1128_RGB.png",239.65367965367963,326.9264069264069,385.10822510822504,462.68398268398266,"avocado-emp"
"1138_RGB.png",189.78354978354977,340.08658008658006,328.3116883116883,492.46753246753246,"avocado-emp"
"1131_RGB.png",220.25974025974025,335.23809523809524,353.2467532467532,477.2294372294372,"avocado-emp"
"1140_RGB.png",166.9264069264069,290.9090909090909,323.46320346320346,433.59307359307354,"avocado-emp"
"1139_RGB.png",216.1038961038961,320,339.3939393939394,454.3722943722944,"avocado-emp"
"1141_RGB.png",153.07359307359306,315.1515151515151,296.45021645021643,463.37662337662334,"avocado-emp"
"1142_RGB.png",171.08225108225108,310.995670995671,305.45454545454544,446.75324675324674,"avocado-emp"
"1151_RGB.png",195.32467532467533,373.3333333333333,329.6969696969697,533.3333333333333,"avocado-emp"
"1143_RGB.png",151.68831168831167,326.9264069264069,292.987012987013,461.991341991342,"avocado-emp"
"1152_RGB.png",190.47619047619048,396.8831168831169,317.2294372294372,576.2770562770563,"avocado-emp"
"1150_RGB.png",144.06926406926405,330.38961038961037,271.5151515151515,502.1645021645021,"avocado-emp"
"1154_RGB.png",172.46753246753246,315.8441558441558,308.9177489177489,455.064935064935,"avocado-emp"
"917_RGB.png",209.17748917748918,337.3160173160173,333.16017316017314,493.8528138528138,"avocado-emp"
"916_RGB.png",210.56277056277057,387.1861471861472,329.6969696969697,531.2554112554112,"avocado-emp"
"1155_RGB.png",181.47186147186147,284.67532467532465,315.1515151515151,439.1341991341991,"avocado-emp"
"1153_RGB.png",227.18614718614717,331.08225108225105,368.4848484848485,464.069264069264,"avocado-emp"
"920_RGB.png",96.96969696969697,371.94805194805195,241.03896103896102,529.1774891774892,"avocado-emp"
"918_RGB.png",225.80086580086578,322.7705627705628,354.6320346320346,457.1428571428571,"avocado-emp"
"919_RGB.png",224.41558441558442,329.004329004329,334.54545454545456,480,"avocado-emp"
"945_RGB.png",207.7922077922078,292.987012987013,352.5541125541125,433.59307359307354,"avocado-emp"
"921_RGB.png",156.53679653679654,250.73593073593074,283.2900432900433,407.96536796536793,"avocado-emp"
"946_RGB.png",186.32034632034632,293.67965367965365,317.9220779220779,452.29437229437224,"avocado-emp"
"948_RGB.png",259.04761904761904,264.5887445887446,360.17316017316017,416.27705627705626,"avocado-emp"
"947_RGB.png",229.95670995670994,273.5930735930736,356.7099567099567,410.04329004329,"avocado-emp"
"949_RGB.png",235.4978354978355,356.7099567099567,368.4848484848485,468.2251082251082,"avocado-emp"
"950_RGB.png",242.4242424242424,345.6277056277056,360.17316017316017,477.9220779220779,"avocado-emp"
"967_RGB.png",238.96103896103895,256.27705627705626,368.4848484848485,397.57575757575756,"avocado-emp"
"966_RGB.png",261.8181818181818,326.9264069264069,393.4199134199134,466.1471861471861,"avocado-emp"
"968_RGB.png",196.7099567099567,213.33333333333331,325.54112554112555,361.55844155844153,"avocado-emp"
"970_RGB.png",229.95670995670994,291.6017316017316,357.4025974025974,415.5844155844156,"avocado-emp"
"969_RGB.png",190.47619047619048,212.64069264069263,298.5281385281385,358.78787878787875,"avocado-emp"
"988_RGB.png",233.4199134199134,279.13419913419915,375.4112554112554,402.42424242424244,"avocado-emp"
"987_RGB.png",204.32900432900433,349.78354978354974,334.5454545454545,494.5454545454545,"avocado-emp"
"971_RGB.png",214.02597402597402,283.98268398268397,320.6926406926407,434.2857142857142,"avocado-emp"
"986_RGB.png",248.65800865800864,300.60606060606057,368.48484848484844,446.7532467532467,"avocado-emp"
"989_RGB.png",214.02597402597402,243.11688311688312,329.004329004329,401.7316017316017,"avocado-emp"
"990_RGB.png",279.13419913419915,387.8787878787879,383.03030303030306,511.86147186147184,"avocado-emp"
"991_RGB.png",256.96969696969694,297.14285714285717,364.3290043290043,447.4458874458874,"avocado-emp"
"1002_RGB.png",181.1255411255411,200.86580086580085,316.8831168831168,344.24242424242425,"avocado-organic"
"1001_RGB.png",178.008658008658,275.67099567099564,300.60606060606057,398.26839826839824,"avocado-organic"
"1000_RGB.png",147.53246753246754,358.78787878787875,300.6060606060606,482.07792207792204,"avocado-organic"
"488_RGB.png",222.68398268398266,358.0952380952381,337.6623376623376,501.4718614718614,"avocado-organic"
"489_RGB.png",110.4761904761905,284.67532467532465,295.06493506493507,396.19047619047615,"avocado-organic"
"1004_RGB.png",202.59740259740258,344.93506493506493,324.5021645021645,486.9264069264069,"avocado-organic"
"1003_RGB.png",183.89610389610388,202.25108225108224,323.8095238095238,331.0822510822511,"avocado-organic"
"1005_RGB.png",237.9220779220779,301.991341991342,354.2857142857143,444.67532467532465,"avocado-organic"
"492_RGB.png",209.52380952380952,346.3203463203463,323.8095238095238,500.08658008658006,"avocado-organic"
"493_RGB.png",208.8311688311688,310.3030303030303,337.6623376623377,430.12987012987014,"avocado-organic"
"490_RGB.png",63.37662337662337,320,201.2121212121212,473.0735930735931,"avocado-organic"
"491_RGB.png",178.35497835497836,175.93073593073592,294.71861471861473,310.995670995671,"avocado-organic"
"494_RGB.png",237.9220779220779,371.94805194805195,341.8181818181818,491.7748917748918,"avocado-organic"
"495_RGB.png",277.4025974025974,353.24675324675326,370.9090909090909,470.995670995671,"avocado-organic"
"518_RGB.png",187.35930735930737,327.61904761904765,336.969696969697,445.3679653679654,"avocado-organic"
"519_RGB.png",174.1991341991342,337.3160173160173,284.3290043290043,479.30735930735926,"avocado-organic"
"516_RGB.png",216.45021645021643,288.1385281385281,334.19913419913416,442.59740259740255,"avocado-organic"
"517_RGB.png",278.4415584415584,356.7099567099567,387.53246753246754,473.0735930735931,"avocado-organic"
"521_RGB.png",163.11688311688312,367.79220779220776,307.1861471861472,496.6233766233766,"avocado-organic"
"520_RGB.png",183.89610389610388,344.93506493506493,305.8008658008658,502.85714285714283,"avocado-organic"
"523_RGB.png",231.68831168831167,330.38961038961037,331.4285714285714,451.60173160173156,"avocado-organic"
"522_RGB.png",145.1082251082251,443.2900432900433,274.6320346320346,585.974025974026,"avocado-organic"
"544_RGB.png",238.6147186147186,294.37229437229433,343.8961038961039,440.51948051948045,"avocado-organic"
"545_RGB.png",296.1038961038961,261.8181818181818,400.6926406926407,380.95238095238096,"avocado-organic"
"547_RGB.png",211.6017316017316,268.7445887445887,328.6580086580086,406.5800865800866,"avocado-organic"
"546_RGB.png",332.1212121212121,381.64502164502164,444.3290043290043,495.9307359307359,"avocado-organic"
"549_RGB.png",255.93073593073592,211.94805194805193,392.034632034632,301.991341991342,"avocado-organic"
"548_RGB.png",222.68398268398266,405.19480519480516,321.7316017316017,536.1038961038961,"avocado-organic"
"550_RGB.png",336.27705627705626,214.7186147186147,435.3246753246753,333.8528138528138,"avocado-organic"
"572_RGB.png",255.23809523809524,315.1515151515151,363.2900432900433,443.2900432900433,"avocado-organic"
"551_RGB.png",246.9264069264069,425.97402597402595,351.86147186147184,545.108225108225,"avocado-organic"
"574_RGB.png",184.5887445887446,259.04761904761904,296.1038961038961,409.3506493506493,"avocado-organic"
"573_RGB.png",313.4199134199134,301.991341991342,402.7705627705628,424.5887445887446,"avocado-organic"
"577_RGB.png",303.7229437229437,216.7965367965368,407.6190476190476,320.6926406926407,"avocado-organic"
"576_RGB.png",179.04761904761904,279.82683982683983,284.3290043290043,417.6623376623377,"avocado-organic"
"575_RGB.png",262.85714285714283,162.77056277056278,402.07792207792204,259.7402597402597,"avocado-organic"
"578_RGB.png",273.939393939394,283.98268398268397,373.6796536796537,422.5108225108225,"avocado-organic"
"579_RGB.png",314.8051948051948,208.48484848484847,410.38961038961037,338.7012987012987,"avocado-organic"
"602_RGB.png",237.9220779220779,254.1991341991342,345.28138528138527,412.8138528138528,"avocado-organic"
"600_RGB.png",251.77489177489176,285.3679653679654,361.2121212121212,428.7445887445888,"avocado-organic"
"601_RGB.png",241.3852813852814,235.4978354978355,351.5151515151515,363.6363636363636,"avocado-organic"
"603_RGB.png",259.3939393939394,286.06060606060606,366.75324675324674,411.42857142857144,"avocado-organic"
"604_RGB.png",212.2943722943723,315.8441558441558,315.49783549783547,446.060606060606,"avocado-organic"
"607_RGB.png",291.94805194805195,259.04761904761904,382.68398268398266,380.2597402597402,"avocado-organic"
"606_RGB.png",240,273.5930735930736,334.19913419913416,412.8138528138528,"avocado-organic"
"605_RGB.png",262.16450216450215,322.07792207792204,358.4415584415584,439.1341991341991,"avocado-organic"
"629_RGB.png",247.61904761904762,199.48051948051946,364.3290043290043,331.7748917748918,"avocado-organic"
"628_RGB.png",325.8874458874459,222.33766233766232,429.7835497835498,358.0952380952381,"avocado-organic"
"630_RGB.png",132.64069264069263,215.4112554112554,241.38528138528136,374.71861471861473,"avocado-organic"
"632_RGB.png",190.1298701298701,272.2077922077922,305.8008658008658,444.67532467532465,"avocado-organic"
"631_RGB.png",196.36363636363635,177.3160173160173,307.8787878787879,323.46320346320346,"avocado-organic"
"634_RGB.png",237.9220779220779,277.74891774891773,342.5108225108225,407.96536796536793,"avocado-organic"
"633_RGB.png",233.76623376623377,217.48917748917748,332.1212121212121,371.9480519480519,"avocado-organic"
"635_RGB.png",267.7056277056277,256.27705627705626,377.83549783549785,360.86580086580085,"avocado-organic"
"657_RGB.png",200.5194805194805,313.76623376623377,323.1168831168831,416.27705627705626,"avocado-organic"
"658_RGB.png",126.4069264069264,236.19047619047618,252.46753246753246,388.57142857142856,"avocado-organic"
"656_RGB.png",196.36363636363635,308.2251082251082,317.57575757575756,437.05627705627705,"avocado-organic"
"659_RGB.png",298.87445887445887,252.12121212121212,402.7705627705628,368.4848484848485,"avocado-organic"
"660_RGB.png",238.6147186147186,389.26406926406924,361.2121212121212,540.952380952381,"avocado-organic"
"662_RGB.png",254.1991341991342,345.6277056277056,375.06493506493507,473.07359307359303,"avocado-organic"
"663_RGB.png",345.28138528138527,347.7056277056277,445.71428571428567,477.2294372294372,"avocado-organic"
"661_RGB.png",330.04329004329,292.2943722943723,437.4025974025974,404.50216450216453,"avocado-organic"
"684_RGB.png",185.28138528138527,287.4458874458874,304.4155844155844,451.60173160173156,"avocado-organic"
"685_RGB.png",250.38961038961037,282.5974025974026,370.2164502164502,401.73160173160176,"avocado-organic"
"687_RGB.png",211.6017316017316,272.2077922077922,336.27705627705626,385.8008658008658,"avocado-organic"
"686_RGB.png",140.25974025974025,286.75324675324674,256.6233766233766,434.2857142857143,"avocado-organic"
"689_RGB.png",227.53246753246754,282.5974025974026,341.12554112554113,419.04761904761904,"avocado-organic"
"688_RGB.png",185.97402597402598,296.45021645021643,317.57575757575756,425.28138528138527,"avocado-organic"
"690_RGB.png",217.14285714285714,286.75324675324674,325.8874458874459,421.1255411255411,"avocado-organic"
"714_RGB.png",187.35930735930737,336.6233766233766,295.4112554112554,472.38095238095235,"avocado-organic"
"691_RGB.png",278.0952380952381,314.45887445887445,384.7619047619047,436.3636363636364,"avocado-organic"
"712_RGB.png",154.1125541125541,294.37229437229433,277.4025974025974,433.59307359307354,"avocado-organic"
"713_RGB.png",242.7705627705628,268.05194805194805,358.78787878787875,383.7229437229437,"avocado-organic"
"717_RGB.png",194.97835497835496,292.987012987013,313.4199134199134,415.5844155844156,"avocado-organic"
"718_RGB.png",158.96103896103895,286.06060606060606,312.72727272727275,417.6623376623377,"avocado-organic"
"715_RGB.png",243.46320346320346,349.09090909090907,347.35930735930737,476.5367965367965,"avocado-organic"
"719_RGB.png",181.8181818181818,216.1038961038961,304.4155844155844,375.4112554112554,"avocado-organic"
"716_RGB.png",170.73593073593074,320,282.94372294372295,470.995670995671,"avocado-organic"
"741_RGB.png",265.6277056277056,267.35930735930737,366.75324675324674,423.20346320346323,"avocado-organic"
"740_RGB.png",221.99134199134198,229.95670995670994,382.68398268398266,340.08658008658006,"avocado-organic"
"743_RGB.png",231.68831168831167,346.3203463203463,348.7445887445887,456.45021645021643,"avocado-organic"
"742_RGB.png",178.35497835497836,362.94372294372295,305.1082251082251,493.8528138528138,"avocado-organic"
"744_RGB.png",231.68831168831167,353.93939393939394,350.12987012987014,484.8484848484849,"avocado-organic"
"745_RGB.png",224.76190476190476,330.38961038961037,351.5151515151515,453.67965367965365,"avocado-organic"
"747_RGB.png",219.91341991341992,220.95238095238093,346.66666666666663,378.18181818181813,"avocado-organic"
"746_RGB.png",145.8008658008658,304.0692640692641,325.1948051948052,427.35930735930737,"avocado-organic"
"769_RGB.png",184.5887445887446,157.2294372294372,328.6580086580086,299.9134199134199,"avocado-organic"
"768_RGB.png",172.8138528138528,171.08225108225108,332.8138528138528,304.76190476190476,"avocado-organic"
"773_RGB.png",202.59740259740258,161.3852813852814,330.7359307359307,297.8354978354978,"avocado-organic"
"770_RGB.png",179.04761904761904,255.58441558441558,313.4199134199134,385.1082251082251,"avocado-organic"
"772_RGB.png",170.73593073593074,188.39826839826839,296.1038961038961,346.3203463203463,"avocado-organic"
"771_RGB.png",228.9177489177489,223.03030303030303,348.05194805194805,340.08658008658006,"avocado-organic"
"774_RGB.png",170.73593073593074,196.017316017316,336.969696969697,342.16450216450215,"avocado-organic"
"798_RGB.png",190.82251082251082,234.8051948051948,317.2294372294372,362.2510822510822,"avocado-organic"
"796_RGB.png",209.52380952380952,383.7229437229437,348.05194805194805,498.70129870129864,"avocado-organic"
"799_RGB.png",251.08225108225108,223.7229437229437,363.2900432900433,355.3246753246753,"avocado-organic"
"797_RGB.png",229.6103896103896,286.75324675324674,345.6277056277056,421.8181818181818,"avocado-organic"
"775_RGB.png",291.2554112554112,165.54112554112552,410.38961038961037,320,"avocado-organic"
"800_RGB.png",237.22943722943722,225.1082251082251,352.2077922077922,366.4069264069264,"avocado-organic"
"802_RGB.png",153.41991341991343,182.16450216450215,280.86580086580085,333.16017316017314,"avocado-organic"
"803_RGB.png",254.54545454545453,159.3073593073593,377.8354978354978,308.2251082251082,"avocado-organic"
"801_RGB.png",235.15151515151516,204.32900432900433,345.28138528138527,335.23809523809524,"avocado-organic"
"824_RGB.png",224.06926406926405,266.66666666666663,361.2121212121212,382.3376623376623,"avocado-organic"
"826_RGB.png",101.47186147186147,219.56709956709955,264.24242424242425,340.77922077922074,"avocado-organic"
"829_RGB.png",212.98701298701297,292.987012987013,319.65367965367966,459.9134199134199,"avocado-organic"
"825_RGB.png",230.30303030303028,271.5151515151515,331.7748917748918,425.97402597402595,"avocado-organic"
"828_RGB.png",190.82251082251082,333.16017316017314,343.20346320346323,457.1428571428571,"avocado-organic"
"827_RGB.png",134.7186147186147,218.1818181818182,265.6277056277056,362.94372294372295,"avocado-organic"
"854_RGB.png",230.995670995671,383.030303030303,352.90043290043286,486.9264069264069,"avocado-organic"
"830_RGB.png",152.72727272727272,378.87445887445887,285.021645021645,525.7142857142857,"avocado-organic"
"853_RGB.png",262.16450216450215,304.76190476190476,365.71428571428567,447.4458874458875,"avocado-organic"
"831_RGB.png",109.78354978354977,375.4112554112554,249.6969696969697,522.943722943723,"avocado-organic"
"852_RGB.png",259.3939393939394,396.8831168831169,396.19047619047615,509.0909090909091,"avocado-organic"
"858_RGB.png",259.04761904761904,362.94372294372295,382.6839826839828,489.6969696969697,"avocado-organic"
"855_RGB.png",232.38095238095238,374.025974025974,346.66666666666663,484.15584415584414,"avocado-organic"
"856_RGB.png",232.38095238095238,301.2987012987013,343.20346320346323,433.5930735930736,"avocado-organic"
"857_RGB.png",207.44588744588745,350.4761904761905,323.1168831168831,477.9220779220779,"avocado-organic"
"859_RGB.png",294.025974025974,389.26406926406924,400.6926406926407,525.7142857142857,"avocado-organic"
"884_RGB.png",260.08658008658006,354.6320346320346,370.9090909090909,480,"avocado-organic"
"883_RGB.png",168.65800865800864,371.2554112554112,282.2510822510822,512.5541125541125,"avocado-organic"
"880_RGB.png",240.69264069264068,398.26839826839824,379.2207792207792,519.4805194805194,"avocado-organic"
"882_RGB.png",215.75757575757575,351.16883116883116,345.28138528138527,455.75757575757575,"avocado-organic"
"881_RGB.png",240,363.6363636363636,358.4415584415584,505.6277056277056,"avocado-organic"
"909_RGB.png",255.93073593073592,333.8528138528138,363.98268398268397,466.8398268398268,"avocado-organic"
"908_RGB.png",256.6233766233766,378.87445887445887,380.60606060606057,524.3290043290043,"avocado-organic"
"885_RGB.png",224.76190476190476,389.26406926406924,332.8138528138528,523.6363636363636,"avocado-organic"
"887_RGB.png",223.37662337662337,342.1645021645022,339.3939393939394,502.1645021645022,"avocado-organic"
"886_RGB.png",224.76190476190476,330.38961038961037,364.67532467532465,446.75324675324674,"avocado-organic"
"911_RGB.png",216.45021645021643,323.46320346320346,323.46320346320346,455.06493506493507,"avocado-organic"
"912_RGB.png",145.1082251082251,329.6969696969697,284.3290043290043,466.1471861471861,"avocado-organic"
"910_RGB.png",234.45887445887445,310.995670995671,360.5194805194805,425.28138528138527,"avocado-organic"
"914_RGB.png",147.18614718614717,290.9090909090909,297.48917748917745,429.4372294372294,"avocado-organic"
"913_RGB.png",148.57142857142856,331.7748917748918,291.2554112554112,450.2164502164502,"avocado-organic"
"938_RGB.png",216.45021645021643,241.73160173160173,343.2034632034632,401.7316017316017,"avocado-organic"
"940_RGB.png",233.76623376623377,297.1428571428571,336.969696969697,435.67099567099564,"avocado-organic"
"937_RGB.png",107.01298701298701,301.991341991342,285.021645021645,434.97835497835496,"avocado-organic"
"939_RGB.png",190.82251082251082,365.7142857142857,313.76623376623377,498.008658008658,"avocado-organic"
"915_RGB.png",131.94805194805195,243.8095238095238,282.25108225108227,385.8008658008658,"avocado-organic"
"943_RGB.png",229.6103896103896,363.6363636363636,358.4415584415584,492.46753246753246,"avocado-organic"
"958_RGB.png",186.66666666666666,328.3116883116883,324.5021645021645,477.22943722943717,"avocado-organic"
"942_RGB.png",203.2900432900433,316.53679653679654,327.96536796536793,439.13419913419915,"avocado-organic"
"941_RGB.png",226.83982683982683,282.5974025974026,336.96969696969694,428.05194805194805,"avocado-organic"
"944_RGB.png",261.4718614718615,330.38961038961037,366.06060606060606,482.7705627705627,"avocado-organic"
"961_RGB.png",240,257.6623376623377,340.4329004329004,396.8831168831169,"avocado-organic"
"962_RGB.png",165.8874458874459,245.19480519480518,289.1774891774892,397.57575757575756,"avocado-organic"
"960_RGB.png",262.16450216450215,349.78354978354974,366.75324675324674,475.1515151515151,"avocado-organic"
"963_RGB.png",200.5194805194805,415.5844155844156,303.030303030303,564.5021645021645,"avocado-organic"
"959_RGB.png",204.67532467532467,272.90043290043286,312.72727272727275,430.1298701298701,"avocado-organic"
"965_RGB.png",192.9004329004329,311.68831168831167,330.04329004329,439.1341991341991,"avocado-organic"
"978_RGB.png",199.82683982683983,383.030303030303,340.4329004329004,525.7142857142857,"avocado-organic"
"979_RGB.png",278.0952380952381,405.8874458874459,370.9090909090909,531.2554112554112,"avocado-organic"
"980_RGB.png",145.10822510822513,379.56709956709955,294.02597402597405,492.46753246753246,"avocado-organic"
"964_RGB.png",151.34199134199133,346.3203463203463,278.78787878787875,515.3246753246754,"avocado-organic"
"984_RGB.png",236.53679653679652,369.1774891774892,345.97402597402595,509.7835497835498,"avocado-organic"
"981_RGB.png",246.23376623376626,343.5497835497835,356.01731601731603,459.91341991341994,"avocado-organic"
"983_RGB.png",197.05627705627705,324.15584415584414,330.73593073593076,438.4415584415584,"avocado-organic"
"985_RGB.png",259.3939393939394,358.78787878787875,356.3636363636364,491.08225108225105,"avocado-organic"
"982_RGB.png",166.58008658008657,345.6277056277056,298.87445887445887,465.45454545454544,"avocado-organic"
"480_RGB.png",176.27705627705626,376.1038961038961,323.11688311688306,525.021645021645,"pear-williams"
"481_RGB.png",266.3203463203463,209.87012987012986,398.6147186147186,353.2467532467532,"pear-williams"
"482_RGB.png",183.89610389610388,320,327.27272727272725,459.2207792207792,"pear-williams"
"998_RGB.png",161.73160173160176,416.96969696969694,331.42857142857144,550.6493506493506,"avocado-organic"
"999_RGB.png",176.27705627705626,317.9220779220779,277.4025974025974,484.8484848484848,"avocado-organic"
"486_RGB.png",182.5108225108225,354.6320346320346,337.6623376623377,489.6969696969697,"pear-williams"
"483_RGB.png",219.2207792207792,238.96103896103895,359.8268398268398,398.961038961039,"pear-williams"
"484_RGB.png",264.93506493506493,428.7445887445887,402.07792207792204,563.1168831168831,"pear-williams"
"487_RGB.png",233.76623376623377,299.2207792207792,361.9047619047619,464.7619047619047,"pear-williams"
"485_RGB.png",246.9264069264069,327.6190476190476,375.75757575757575,471.6883116883116,"pear-williams"
"508_RGB.png",264.24242424242425,229.95670995670994,397.92207792207796,372.64069264069263,"pear-williams"
"510_RGB.png",230.30303030303028,258.35497835497836,363.98268398268397,401.038961038961,"pear-williams"
"509_RGB.png",234.45887445887445,350.4761904761905,352.2077922077922,500.08658008658006,"pear-williams"
"511_RGB.png",135.4112554112554,328.3116883116883,281.5584415584416,488.3116883116883,"pear-williams"
"512_RGB.png",245.54112554112552,433.5930735930736,369.5238095238095,587.3593073593074,"pear-williams"
"515_RGB.png",161.03896103896102,298.5281385281385,303.7229437229437,461.2987012987013,"pear-williams"
"513_RGB.png",249.00432900432898,461.2987012987013,378.18181818181813,627.5324675324675,"pear-williams"
"536_RGB.png",205.36796536796535,261.12554112554113,345.28138528138527,409.35064935064935,"pear-williams"
"514_RGB.png",176.96969696969697,297.1428571428571,305.80086580086584,468.9177489177489,"pear-williams"
"537_RGB.png",235.15151515151516,299.9134199134199,366.75324675324674,425.28138528138527,"pear-williams"
"542_RGB.png",204.67532467532467,216.7965367965368,347.35930735930737,372.64069264069263,"pear-williams"
"539_RGB.png",294.025974025974,389.26406926406924,418.00865800865796,507.01298701298697,"pear-williams"
"540_RGB.png",185.28138528138527,320,315.49783549783547,468.9177489177489,"pear-williams"
"538_RGB.png",266.3203463203463,319.3073593073593,379.9134199134199,467.53246753246754,"pear-williams"
"541_RGB.png",237.22943722943722,313.76623376623377,363.98268398268397,457.8354978354978,"pear-williams"
"564_RGB.png",244.84848484848484,349.78354978354974,375.75757575757575,486.2337662337662,"pear-williams"
"543_RGB.png",226.83982683982683,94.89177489177489,370.9090909090909,258.35497835497836,"pear-williams"
"566_RGB.png",230.995670995671,326.23376623376623,356.3636363636364,482.07792207792204,"pear-williams"
"565_RGB.png",287.79220779220776,237.57575757575756,411.7748917748917,382.3376623376623,"pear-williams"
"567_RGB.png",259.7402597402598,236.19047619047618,377.8354978354978,383.030303030303,"pear-williams"
"568_RGB.png",192.9004329004329,307.53246753246754,320.34632034632034,459.2207792207792,"pear-williams"
"571_RGB.png",208.8311688311688,270.8225108225108,341.1255411255411,412.1212121212121,"pear-williams"
"592_RGB.png",237.22943722943722,152.38095238095238,382.68398268398266,310.995670995671,"pear-williams"
"569_RGB.png",253.16017316017314,194.63203463203462,381.991341991342,335.2380952380952,"pear-williams"
"570_RGB.png",228.9177489177489,246.58008658008657,352.90043290043286,395.49783549783547,"pear-williams"
"597_RGB.png",296.79653679653677,214.02597402597402,417.3160173160173,343.54978354978357,"pear-williams"
"593_RGB.png",302.3376623376623,272.90043290043286,424.93506493506493,410.04329004328997,"pear-williams"
"596_RGB.png",194.97835497835496,281.90476190476187,322.4242424242424,432.2077922077922,"pear-williams"
"595_RGB.png",230.30303030303028,126.75324675324674,374.37229437229433,275.6709956709957,"pear-williams"
"594_RGB.png",147.87878787878788,220.95238095238093,310.64935064935065,398.9610389610389,"pear-williams"
"620_RGB.png",265.6277056277056,283.98268398268397,399.3073593073593,423.8961038961039,"pear-williams"
"598_RGB.png",204.67532467532467,230.64935064935065,348.7445887445887,371.94805194805195,"pear-williams"
"621_RGB.png",190.82251082251082,371.2554112554112,330.73593073593076,542.3376623376623,"pear-williams"
"622_RGB.png",228.22510822510822,274.2857142857143,393.0735930735931,403.8095238095238,"pear-williams"
"599_RGB.png",225.45454545454544,171.77489177489176,357.74891774891773,325.54112554112555,"pear-williams"
"625_RGB.png",191.5151515151515,207.7922077922078,350.12987012987014,347.7056277056277,"pear-williams"
"623_RGB.png",205.36796536796535,257.6623376623377,352.2077922077922,403.1168831168831,"pear-williams"
"627_RGB.png",274.6320346320346,288.83116883116884,411.08225108225105,432.90043290043286,"pear-williams"
"626_RGB.png",228.22510822510822,233.4199134199134,378.52813852813847,378.8744588744588,"pear-williams"
"624_RGB.png",227.53246753246754,225.1082251082251,369.5238095238095,365.021645021645,"pear-williams"
"648_RGB.png",291.94805194805195,387.8787878787879,431.16883116883116,512.5541125541125,"pear-williams"
"649_RGB.png",309.95670995671,355.3246753246753,434.6320346320347,482.7705627705627,"pear-williams"
"651_RGB.png",282.94372294372295,310.995670995671,404.8484848484849,450.9090909090909,"pear-williams"
"652_RGB.png",242.77056277056275,242.4242424242424,392.38095238095235,376.79653679653677,"pear-williams"
"650_RGB.png",249.6969696969697,349.78354978354974,388.2251082251082,480.6926406926407,"pear-williams"
"653_RGB.png",282.94372294372295,277.74891774891773,406.23376623376623,400.34632034632034,"pear-williams"
"676_RGB.png",200.5194805194805,271.51515151515156,357.05627705627705,401.73160173160176,"pear-williams"
"677_RGB.png",254.54545454545453,185.6277056277056,394.45887445887445,332.46753246753246,"pear-williams"
"655_RGB.png",230.995670995671,260.4329004329004,359.82683982683983,407.27272727272725,"pear-williams"
"654_RGB.png",140.25974025974025,236.88311688311688,280.86580086580085,394.1125541125541,"pear-williams"
"678_RGB.png",161.73160173160173,221.64502164502164,319.65367965367966,373.3333333333333,"pear-williams"
"679_RGB.png",209.52380952380952,227.18614718614717,360.5194805194805,385.10822510822504,"pear-williams"
"680_RGB.png",184.5887445887446,269.4372294372294,326.5800865800866,433.59307359307354,"pear-williams"
"681_RGB.png",239.3073593073593,286.060606060606,384.069264069264,419.04761904761904,"pear-williams"
"682_RGB.png",217.14285714285714,283.98268398268397,359.82683982683983,430.8225108225108,"pear-williams"
"706_RGB.png",185.28138528138527,333.16017316017314,341.1255411255411,465.45454545454544,"pear-williams"
"683_RGB.png",235.84415584415584,270.12987012987014,372.29437229437224,416.2770562770563,"pear-williams"
"707_RGB.png",206.06060606060606,317.9220779220779,352.90043290043286,461.2987012987013,"pear-williams"
"705_RGB.png",289.1774891774892,262.5108225108225,424.93506493506493,390.6493506493506,"pear-williams"
"704_RGB.png",258.008658008658,284.67532467532465,378.5281385281385,432.90043290043286,"pear-williams"
"709_RGB.png",215.75757575757575,322.7705627705628,379.9134199134199,435.6709956709957,"pear-williams"
"708_RGB.png",201.9047619047619,287.4458874458874,335.5844155844156,401.038961038961,"pear-williams"
"711_RGB.png",208.8311688311688,261.12554112554113,379.9134199134199,377.4891774891775,"pear-williams"
"732_RGB.png",256.6233766233766,196.7099567099567,390.30303030303025,340.08658008658006,"pear-williams"
"710_RGB.png",231.68831168831167,288.83116883116884,375.75757575757575,422.51082251082255,"pear-williams"
"733_RGB.png",273.93939393939394,307.53246753246754,387.1861471861472,454.37229437229433,"pear-williams"
"735_RGB.png",276.7099567099567,260.4329004329004,422.16450216450215,410.04329004328997,"pear-williams"
"734_RGB.png",202.59740259740258,234.1125541125541,363.2900432900433,368.4848484848485,"pear-williams"
"736_RGB.png",235.15151515151516,295.06493506493507,369.5238095238095,445.3679653679653,"pear-williams"
"737_RGB.png",202.59740259740258,236.19047619047618,355.67099567099564,377.48917748917745,"pear-williams"
"738_RGB.png",253.16017316017314,251.42857142857142,385.45454545454544,389.26406926406924,"pear-williams"
"760_RGB.png",285.3679653679654,225.80086580086578,411.0822510822511,375.4112554112554,"pear-williams"
"739_RGB.png",275.3246753246753,300.60606060606057,406.9264069264069,423.89610389610385,"pear-williams"
"762_RGB.png",220.6060606060606,292.987012987013,357.05627705627705,431.5151515151515,"pear-williams"
"761_RGB.png",210.9090909090909,259.7402597402597,345.28138528138527,411.4285714285714,"pear-williams"
"764_RGB.png",162.4242424242424,205.021645021645,318.26839826839824,356.01731601731603,"pear-williams"
"763_RGB.png",203.2900432900433,243.11688311688312,353.59307359307354,385.1082251082251,"pear-williams"
"765_RGB.png",169.6969696969697,187.012987012987,309.9567099567099,350.4761904761905,"pear-williams"
"767_RGB.png",249.00432900432895,203.63636363636363,373.6796536796536,356.01731601731603,"pear-williams"
"766_RGB.png",228.9177489177489,175.93073593073592,372.9870129870129,324.8484848484849,"pear-williams"
"789_RGB.png",274.6320346320346,281.90476190476187,393.76623376623377,409.3506493506493,"pear-williams"
"790_RGB.png",230.30303030303028,281.90476190476187,369.5238095238095,428.051948051948,"pear-williams"
"788_RGB.png",277.4025974025974,292.987012987013,413.16017316017314,444.67532467532465,"pear-williams"
"791_RGB.png",259.04761904761904,335.930735930736,394.8051948051948,484.1558441558441,"pear-williams"
"792_RGB.png",267.012987012987,274.2857142857143,400.6926406926407,423.20346320346323,"pear-williams"
"795_RGB.png",325.19480519480516,189.78354978354977,440.1731601731601,326.9264069264069,"pear-williams"
"794_RGB.png",239.3073593073593,220.95238095238093,391.68831168831167,349.7835497835498,"pear-williams"
"793_RGB.png",234.45887445887445,274.978354978355,381.2987012987013,423.20346320346323,"pear-williams"
"816_RGB.png",148.57142857142856,247.96536796536796,307.8787878787879,402.4242424242424,"pear-williams"
"817_RGB.png",179.74025974025975,254.89177489177487,308.57142857142856,410.7359307359307,"pear-williams"
"822_RGB.png",223.37662337662337,412.8138528138528,352.90043290043286,565.8874458874459,"pear-williams"
"821_RGB.png",244.84848484848484,372.64069264069263,359.82683982683983,519.4805194805194,"pear-williams"
"819_RGB.png",228.9177489177489,276.3636363636364,361.2121212121212,425.28138528138527,"pear-williams"
"818_RGB.png",149.26406926406926,321.38528138528136,304.4155844155844,468.2251082251082,"pear-williams"
"820_RGB.png",279.4805194805195,396.8831168831169,403.46320346320346,523.6363636363636,"pear-williams"
"846_RGB.png",184.5887445887446,340.7792207792208,321.038961038961,486.9264069264069,"pear-williams"
"844_RGB.png",241.3852813852814,328.3116883116883,377.8354978354978,469.6103896103896,"pear-williams"
"823_RGB.png",179.04761904761904,419.7402597402597,315.1515151515151,582.5108225108224,"pear-williams"
"847_RGB.png",226.83982683982683,425.97402597402595,355.6709956709957,584.5887445887446,"pear-williams"
"845_RGB.png",308.57142857142856,268.05194805194805,411.08225108225105,401.7316017316017,"pear-williams"
"848_RGB.png",260.08658008658006,383.7229437229437,384.7619047619047,527.7922077922077,"pear-williams"
"850_RGB.png",225.45454545454544,322.07792207792204,367.4458874458874,455.064935064935,"pear-williams"
"851_RGB.png",277.40259740259745,315.8441558441558,390.99567099567105,450.9090909090909,"pear-williams"
"849_RGB.png",273.24675324675326,356.017316017316,402.0779220779221,487.6190476190476,"pear-williams"
"872_RGB.png",227.53246753246754,379.56709956709955,362.5974025974026,525.021645021645,"pear-williams"
"873_RGB.png",198.44155844155844,331.7748917748918,319.65367965367966,475.1515151515151,"pear-williams"
"874_RGB.png",255.93073593073592,348.3982683982684,376.79653679653677,515.3246753246754,"pear-williams"
"875_RGB.png",211.6017316017316,371.94805194805195,349.4372294372294,514.6320346320347,"pear-williams"
"877_RGB.png",252.46753246753246,332.46753246753246,372.2943722943723,470.995670995671,"pear-williams"
"876_RGB.png",262.8571428571429,341.4718614718615,402.07792207792204,481.38528138528136,"pear-williams"
"878_RGB.png",235.15151515151516,327.61904761904765,361.9047619047619,482.77056277056283,"pear-williams"
"900_RGB.png",293.3333333333333,335.23809523809524,421.4718614718614,472.3809523809524,"pear-williams"
"901_RGB.png",244.84848484848484,379.56709956709955,366.75324675324674,527.0995670995671,"pear-williams"
"879_RGB.png",268.3982683982684,326.9264069264069,399.3073593073593,466.1471861471861,"pear-williams"
"902_RGB.png",244.84848484848484,256.27705627705626,384.069264069264,391.34199134199133,"pear-williams"
"903_RGB.png",240.69264069264068,369.87012987012986,370.9090909090909,506.3203463203463,"pear-williams"
"906_RGB.png",230.995670995671,256.96969696969694,375.06493506493507,386.49350649350646,"pear-williams"
"905_RGB.png",276.7099567099567,257.6623376623377,406.9264069264069,387.8787878787879,"pear-williams"
"904_RGB.png",240,430.1298701298701,368.83116883116884,570.04329004329,"pear-williams"
"907_RGB.png",196.36363636363635,259.7402597402597,331.08225108225105,419.04761904761904,"pear-williams"
"929_RGB.png",232.38095238095238,341.4718614718615,369.5238095238095,481.38528138528136,"pear-williams"
"930_RGB.png",255.58441558441558,159.3073593073593,370.2164502164502,308.9177489177489,"pear-williams"
"931_RGB.png",206.06060606060606,343.5497835497835,334.8917748917749,484.1558441558441,"pear-williams"
"933_RGB.png",263.5497835497835,320.6926406926407,386.1471861471861,459.2207792207792,"pear-williams"
"932_RGB.png",291.94805194805195,277.05627705627705,410.3896103896104,406.5800865800866,"pear-williams"
"1012_RGB.png",201.2121212121212,318.6147186147186,326.5800865800866,465.4545454545454,"pear-bosc"
"1013_RGB.png",255.93073593073592,353.24675324675326,371.60173160173156,496.62337662337666,"pear-bosc"
"935_RGB.png",197.74891774891773,419.7402597402597,343.2034632034632,563.1168831168831,"pear-williams"
"936_RGB.png",273.24675324675326,277.05627705627705,397.92207792207796,407.96536796536793,"pear-williams"
"934_RGB.png",250.38961038961037,389.9567099567099,396.5367965367965,517.4025974025974,"pear-williams"
"1014_RGB.png",166.58008658008654,295.064935064935,313.41991341991337,443.29004329004323,"pear-bosc"
"1017_RGB.png",147.1861471861472,251.42857142857142,294.02597402597405,396.19047619047615,"pear-bosc"
"1015_RGB.png",211.94805194805193,321.38528138528136,330.04329004329,482.07792207792204,"pear-bosc"
"1016_RGB.png",203.2900432900433,311.6883116883117,327.27272727272725,448.13852813852816,"pear-bosc"
"1024_RGB.png",224.76190476190476,264.5887445887446,353.5930735930736,403.1168831168831,"pear-bosc"
"1029_RGB.png",199.13419913419912,279.13419913419915,339.7402597402597,420.43290043290045,"pear-bosc"
"1025_RGB.png",251.7748917748918,256.27705627705626,373.3333333333333,394.1125541125541,"pear-bosc"
"1028_RGB.png",238.6147186147186,317.9220779220779,358.78787878787875,475.8441558441558,"pear-bosc"
"1027_RGB.png",198.44155844155844,346.3203463203463,328.6580086580086,487.6190476190476,"pear-bosc"
"1026_RGB.png",236.53679653679652,353.93939393939394,363.2900432900433,492.46753246753246,"pear-bosc"
"1038_RGB.png",225.45454545454544,265.2813852813852,348.3982683982684,418.35497835497836,"pear-bosc"
"1037_RGB.png",266.3203463203463,304.7619047619048,386.8398268398268,455.7575757575758,"pear-bosc"
"1036_RGB.png",261.4718614718615,310.3030303030303,393.76623376623377,444.67532467532465,"pear-bosc"
"1039_RGB.png",200.5194805194805,259.7402597402597,345.97402597402595,399.65367965367966,"pear-bosc"
"1040_RGB.png",326.58008658008663,347.012987012987,442.943722943723,483.46320346320346,"pear-bosc"
"1041_RGB.png",251.08225108225108,288.83116883116884,390.30303030303025,434.2857142857143,"pear-bosc"
"1048_RGB.png",209.52380952380952,304.0692640692641,339.7402597402597,448.13852813852816,"pear-bosc"
"1050_RGB.png",197.74891774891773,315.1515151515151,336.27705627705626,463.37662337662334,"pear-bosc"
"1049_RGB.png",180.43290043290042,279.82683982683983,322.4242424242424,420.4329004329004,"pear-bosc"
"1051_RGB.png",223.7229437229437,378.87445887445887,350.12987012987014,530.5627705627705,"pear-bosc"
"1060_RGB.png",230.30303030303028,306.1471861471861,360.51948051948045,443.98268398268397,"pear-bosc"
"1062_RGB.png",219.2207792207792,329.004329004329,357.74891774891773,460.6060606060606,"pear-bosc"
"1052_RGB.png",264.93506493506493,295.75757575757575,387.53246753246754,428.7445887445887,"pear-bosc"
"1061_RGB.png",249.6969696969697,334.54545454545456,368.83116883116884,480,"pear-bosc"
"1053_RGB.png",220.6060606060606,286.75324675324674,346.66666666666663,416.27705627705626,"pear-bosc"
"1073_RGB.png",200.5194805194805,367.79220779220776,341.8181818181818,517.4025974025974,"pear-bosc"
"1072_RGB.png",230.30303030303028,331.7748917748918,350.1298701298701,487.6190476190476,"pear-bosc"
"1063_RGB.png",231.68831168831167,297.83549783549785,364.67532467532465,432.9004329004329,"pear-bosc"
"1065_RGB.png",140.95238095238093,320,288.4848484848485,470.30303030303025,"pear-bosc"
"1064_RGB.png",217.83549783549782,331.0822510822511,343.8961038961039,478.61471861471864,"pear-bosc"
"1074_RGB.png",233.07359307359306,274.97835497835496,371.60173160173156,419.04761904761904,"pear-bosc"
"1075_RGB.png",140.95238095238093,320.6926406926407,284.3290043290043,471.68831168831167,"pear-bosc"
"1076_RGB.png",247.61904761904762,367.0995670995671,383.37662337662334,519.4805194805194,"pear-bosc"
"1084_RGB.png",244.15584415584414,331.08225108225105,379.9134199134199,458.52813852813847,"pear-bosc"
"1077_RGB.png",183.2034632034632,352.5541125541125,329.35064935064935,513.9393939393939,"pear-bosc"
"1088_RGB.png",217.14285714285714,338.7012987012987,340.4329004329004,474.45887445887445,"pear-bosc"
"1087_RGB.png",217.83549783549782,322.7705627705628,364.67532467532465,460.6060606060606,"pear-bosc"
"1089_RGB.png",192.2077922077922,344.24242424242425,334.8917748917749,479.3073593073593,"pear-bosc"
"1086_RGB.png",275.32467532467535,366.4069264069264,395.1515151515152,490.38961038961037,"pear-bosc"
"1085_RGB.png",251.7748917748918,324.8484848484848,379.91341991341994,453.67965367965365,"pear-bosc"
"1098_RGB.png",215.06493506493504,338.008658008658,356.3636363636364,492.46753246753246,"pear-bosc"
"1096_RGB.png",220.6060606060606,357.4025974025974,348.7445887445887,521.5584415584415,"pear-bosc"
"1100_RGB.png",242.07792207792207,371.94805194805195,366.06060606060606,525.021645021645,"pear-bosc"
"1097_RGB.png",214.37229437229436,360.86580086580085,354.2857142857143,526.4069264069263,"pear-bosc"
"1099_RGB.png",257.3160173160173,375.4112554112554,379.22077922077915,522.943722943723,"pear-bosc"
"1108_RGB.png",252.46753246753246,434.97835497835496,376.45021645021643,579.7402597402597,"pear-bosc"
"1109_RGB.png",226.14718614718615,401.7316017316017,347.35930735930737,557.5757575757575,"pear-bosc"
"1111_RGB.png",188.74458874458873,362.2510822510822,343.2034632034632,516.017316017316,"pear-bosc"
"1110_RGB.png",247.61904761904762,365.7142857142857,385.45454545454544,516.017316017316,"pear-bosc"
"1101_RGB.png",230.30303030303028,401.7316017316017,359.1341991341991,552.7272727272727,"pear-bosc"
"1113_RGB.png",276.7099567099567,331.08225108225105,409.6969696969697,473.76623376623377,"pear-bosc"
"1112_RGB.png",162.77056277056278,371.94805194805195,320.34632034632034,541.6450216450216,"pear-bosc"
"1122_RGB.png",223.37662337662337,327.61904761904765,366.06060606060606,487.61904761904765,"pear-bosc"
"1121_RGB.png",188.74458874458873,324.15584415584414,333.5064935064935,484.8484848484848,"pear-bosc"
"1120_RGB.png",228.9177489177489,358.78787878787875,365.3679653679653,513.2467532467532,"pear-bosc"
"1125_RGB.png",150.64935064935065,372.64069264069263,306.4935064935065,540.952380952381,"pear-bosc"
"1132_RGB.png",238.96103896103895,321.3852813852815,387.53246753246754,477.2294372294373,"pear-bosc"
"1133_RGB.png",114.63203463203463,318.6147186147186,280.86580086580085,478.6147186147186,"pear-bosc"
"1124_RGB.png",226.14718614718615,309.6103896103896,363.2900432900433,472.38095238095235,"pear-bosc"
"1123_RGB.png",188.05194805194805,354.6320346320346,325.1948051948052,500.77922077922074,"pear-bosc"
"1135_RGB.png",155.4978354978355,357.4025974025974,303.7229437229437,507.01298701298697,"pear-bosc"
"1134_RGB.png",181.1255411255411,325.54112554112555,327.27272727272725,465.4545454545454,"pear-bosc"
"1144_RGB.png",208.8311688311688,309.6103896103896,352.90043290043286,468.9177489177489,"pear-bosc"
"1136_RGB.png",215.75757575757575,324.8484848484848,360.5194805194805,473.07359307359303,"pear-bosc"
"1137_RGB.png",185.97402597402598,361.55844155844153,325.8874458874459,523.6363636363636,"pear-bosc"
"1147_RGB.png",215.75757575757575,298.5281385281385,342.5108225108225,454.3722943722944,"pear-bosc"
"1145_RGB.png",257.3160173160173,353.93939393939394,382.68398268398266,500.08658008658006,"pear-bosc"
"1148_RGB.png",309.2640692640693,358.78787878787875,413.1601731601732,500.08658008658006,"pear-bosc"
"1146_RGB.png",298.87445887445887,323.46320346320346,422.16450216450215,473.76623376623377,"pear-bosc"
"1149_RGB.png",262.85714285714283,329.004329004329,397.22943722943717,468.2251082251082,"pear-bosc"
"477_RGB.png",168.65800865800864,425.97402597402595,305.10822510822504,585.974025974026,"pear-bosc"
"474_RGB.png",183.89610389610388,338.7012987012987,311.34199134199133,506.3203463203463,"pear-bosc"
"476_RGB.png",177.66233766233765,392.034632034632,316.19047619047615,546.4935064935064,"pear-bosc"
"478_RGB.png",262.85714285714283,326.23376623376623,381.991341991342,472.3809523809524,"pear-bosc"
"475_RGB.png",140.25974025974025,366.4069264069264,293.3333333333333,516.7099567099567,"pear-bosc"
"502_RGB.png",131.94805194805195,293.6796536796537,272.90043290043286,455.0649350649351,"pear-bosc"
"503_RGB.png",276.7099567099567,219.56709956709955,405.54112554112555,353.9393939393939,"pear-bosc"
"479_RGB.png",228.9177489177489,387.1861471861472,351.86147186147184,517.4025974025974,"pear-bosc"
"504_RGB.png",219.91341991341992,351.8614718614719,355.32467532467535,483.46320346320346,"pear-bosc"
"505_RGB.png",120.86580086580086,398.9610389610389,276.01731601731603,538.1818181818181,"pear-bosc"
"532_RGB.png",176.96969696969697,405.19480519480516,311.68831168831167,575.5844155844155,"pear-bosc"
"530_RGB.png",217.83549783549782,305.45454545454544,359.8268398268398,443.2900432900433,"pear-bosc"
"507_RGB.png",154.1125541125541,365.021645021645,313.76623376623377,507.70562770562765,"pear-bosc"
"531_RGB.png",280.17316017316017,213.33333333333331,397.9220779220779,357.4025974025974,"pear-bosc"
"506_RGB.png",194.97835497835496,303.37662337662334,344.5887445887446,428.7445887445887,"pear-bosc"
"535_RGB.png",215.75757575757575,0,350.12987012987014,157.9220779220779,"pear-bosc"
"534_RGB.png",235.84415584415584,315.1515151515151,359.1341991341991,434.97835497835496,"pear-bosc"
"559_RGB.png",330.04329004329,268.7445887445887,441.55844155844153,385.8008658008658,"pear-bosc"
"533_RGB.png",251.77489177489176,308.9177489177489,381.2987012987013,432.90043290043286,"pear-bosc"
"558_RGB.png",243.46320346320346,233.4199134199134,359.82683982683983,364.3290043290043,"pear-bosc"
"563_RGB.png",253.16017316017314,304.0692640692641,375.75757575757575,420.43290043290045,"pear-bosc"
"561_RGB.png",278.0952380952381,232.034632034632,390.99567099567093,362.2510822510822,"pear-bosc"
"586_RGB.png",255.23809523809524,280.5194805194805,363.2900432900433,428.05194805194805,"pear-bosc"
"562_RGB.png",212.2943722943723,359.4805194805195,340.4329004329004,498.008658008658,"pear-bosc"
"560_RGB.png",255.93073593073592,368.48484848484844,382.68398268398266,500.77922077922074,"pear-bosc"
"587_RGB.png",291.94805194805195,287.4458874458874,416.62337662337666,423.89610389610385,"pear-bosc"
"588_RGB.png",243.46320346320346,254.1991341991342,380.6060606060606,390.6493506493506,"pear-bosc"
"589_RGB.png",183.2034632034632,128.13852813852813,332.1212121212121,270.8225108225108,"pear-bosc"
"590_RGB.png",271.16883116883116,209.87012987012986,404.15584415584414,342.16450216450215,"pear-bosc"
"591_RGB.png",190.1298701298701,170.3896103896104,339.7402597402597,317.92207792207796,"pear-bosc"
"616_RGB.png",166.5800865800866,233.4199134199134,293.67965367965365,387.8787878787879,"pear-bosc"
"614_RGB.png",252.46753246753246,274.97835497835496,385.8008658008658,410.7359307359307,"pear-bosc"
"618_RGB.png",277.4025974025974,319.3073593073593,398.6147186147186,445.3679653679654,"pear-bosc"
"617_RGB.png",205.36796536796535,371.2554112554112,347.70562770562765,506.3203463203463,"pear-bosc"
"615_RGB.png",271.86147186147184,272.2077922077922,411.08225108225105,405.8874458874459,"pear-bosc"
"645_RGB.png",309.6103896103896,246.58008658008657,421.4718614718614,373.3333333333333,"pear-bosc"
"642_RGB.png",207.44588744588745,328.3116883116883,346.66666666666663,461.29870129870125,"pear-bosc"
"643_RGB.png",244.15584415584414,288.83116883116884,375.06493506493507,410.7359307359307,"pear-bosc"
"619_RGB.png",302.3376623376624,198.09523809523807,440.5194805194805,315.1515151515151,"pear-bosc"
"644_RGB.png",307.1861471861472,236.19047619047618,416.2770562770563,358.78787878787875,"pear-bosc"
"671_RGB.png",263.5497835497835,324.8484848484848,397.22943722943717,456.45021645021643,"pear-bosc"
"647_RGB.png",228.22510822510822,246.58008658008657,360.5194805194805,372.64069264069263,"pear-bosc"
"646_RGB.png",171.42857142857142,270.12987012987014,308.57142857142856,410.73593073593076,"pear-bosc"
"670_RGB.png",259.3939393939394,326.23376623376623,399.3073593073593,449.5238095238095,"pear-bosc"
"672_RGB.png",261.4718614718615,325.54112554112555,393.0735930735931,449.5238095238095,"pear-bosc"
"674_RGB.png",165.19480519480518,314.45887445887445,323.8095238095238,453.67965367965365,"pear-bosc"
"673_RGB.png",283.6363636363636,347.7056277056277,419.3939393939394,477.9220779220779,"pear-bosc"
"675_RGB.png",147.18614718614717,232.72727272727272,289.1774891774892,383.030303030303,"pear-bosc"
"699_RGB.png",276.7099567099567,428.7445887445887,403.46320346320346,559.6536796536797,"pear-bosc"
"698_RGB.png",260.08658008658006,339.39393939393943,396.19047619047615,466.8398268398268,"pear-bosc"
"700_RGB.png",168.65800865800864,363.6363636363636,300.95238095238096,520.8658008658008,"pear-bosc"
"726_RGB.png",252.4675324675325,292.2943722943723,364.6753246753247,437.74891774891773,"pear-bosc"
"701_RGB.png",253.16017316017314,342.85714285714283,374.37229437229433,473.76623376623377,"pear-bosc"
"702_RGB.png",233.07359307359306,338.7012987012987,352.90043290043286,477.2294372294372,"pear-bosc"
"703_RGB.png",266.3203463203463,330.38961038961037,386.1471861471861,460.60606060606057,"pear-bosc"
"727_RGB.png",252.46753246753246,267.35930735930737,386.83982683982686,399.65367965367966,"pear-bosc"
"728_RGB.png",254.54545454545453,307.53246753246754,374.37229437229433,442.5974025974026,"pear-bosc"
"730_RGB.png",284.3290043290043,307.53246753246754,404.8484848484848,434.97835497835496,"pear-bosc"
"729_RGB.png",262.85714285714283,338.008658008658,391.68831168831167,472.3809523809524,"pear-bosc"
"731_RGB.png",221.2987012987013,295.06493506493507,345.97402597402595,432.90043290043286,"pear-bosc"
"754_RGB.png",233.4199134199134,254.1991341991342,375.06493506493507,389.26406926406924,"pear-bosc"
"756_RGB.png",197.05627705627705,263.89610389610385,326.9264069264069,409.35064935064935,"pear-bosc"
"755_RGB.png",194.28571428571428,198.09523809523807,334.89177489177484,349.78354978354974,"pear-bosc"
"757_RGB.png",182.5108225108225,248.65800865800864,320.34632034632034,389.9567099567099,"pear-bosc"
"758_RGB.png",254.54545454545453,260.4329004329004,370.9090909090909,389.26406926406924,"pear-bosc"
"782_RGB.png",203.2900432900433,293.67965367965365,341.8181818181818,425.28138528138527,"pear-bosc"
"783_RGB.png",259.3939393939394,283.98268398268397,385.45454545454544,417.6623376623377,"pear-bosc"
"759_RGB.png",247.61904761904762,283.98268398268397,376.79653679653677,422.5108225108225,"pear-bosc"
"784_RGB.png",163.11688311688312,313.76623376623377,303.030303030303,461.2987012987013,"pear-bosc"
"785_RGB.png",253.85281385281385,306.1471861471861,388.9177489177489,434.2857142857142,"pear-bosc"
"811_RGB.png",166.58008658008657,393.4199134199134,295.4112554112554,538.1818181818182,"pear-bosc"
"810_RGB.png",127.0995670995671,321.38528138528136,267.012987012987,474.45887445887445,"pear-bosc"
"786_RGB.png",219.2207792207792,250.73593073593074,361.9047619047619,391.34199134199133,"pear-bosc"
"787_RGB.png",269.78354978354974,230.64935064935065,386.83982683982686,383.030303030303,"pear-bosc"
"812_RGB.png",100.77922077922078,343.5497835497835,258.7012987012987,503.5497835497835,"pear-bosc"
"815_RGB.png",111.51515151515152,399.65367965367966,251.0822510822511,557.5757575757575,"pear-bosc"
"813_RGB.png",201.9047619047619,329.6969696969697,340.4329004329004,468.2251082251082,"pear-bosc"
"838_RGB.png",249.00432900432898,376.1038961038961,381.2987012987013,496.6233766233766,"pear-bosc"
"814_RGB.png",122.25108225108225,338.70129870129875,256.6233766233766,498.70129870129875,"pear-bosc"
"839_RGB.png",267.012987012987,393.4199134199134,384.76190476190476,529.8701298701299,"pear-bosc"
"841_RGB.png",258.7012987012987,404.5021645021645,394.45887445887445,527.099567099567,"pear-bosc"
"842_RGB.png",232.38095238095238,306.1471861471861,370.9090909090909,430.1298701298701,"pear-bosc"
"843_RGB.png",247.61904761904762,291.6017316017316,359.82683982683983,432.9004329004329,"pear-bosc"
"866_RGB.png",292.64069264069263,247.96536796536796,403.46320346320346,378.18181818181813,"pear-bosc"
"840_RGB.png",195.67099567099567,353.24675324675326,330.38961038961037,491.7748917748917,"pear-bosc"
"867_RGB.png",285.7142857142857,263.2034632034632,405.54112554112555,387.18614718614714,"pear-bosc"
"868_RGB.png",211.6017316017316,319.3073593073593,345.28138528138527,459.22077922077926,"pear-bosc"
"869_RGB.png",269.78354978354974,406.5800865800866,383.37662337662334,543.7229437229437,"pear-bosc"
"871_RGB.png",224.06926406926405,381.64502164502164,354.97835497835496,527.7922077922078,"pear-bosc"
"870_RGB.png",210.9090909090909,343.54978354978357,356.3636363636364,492.46753246753246,"pear-bosc"
"894_RGB.png",154.8051948051948,317.92207792207796,294.71861471861473,461.2987012987013,"pear-bosc"
"896_RGB.png",225.45454545454544,329.004329004329,352.2077922077922,472.3809523809524,"pear-bosc"
"895_RGB.png",251.77489177489176,282.5974025974026,375.06493506493507,414.19913419913416,"pear-bosc"
"897_RGB.png",185.97402597402598,272.90043290043286,324.50216450216453,432.2077922077922,"pear-bosc"
"898_RGB.png",159.65367965367966,265.97402597402595,290.56277056277054,418.35497835497836,"pear-bosc"
"924_RGB.png",224.76190476190476,256.27705627705626,373.6796536796537,398.961038961039,"pear-bosc"
"923_RGB.png",189.43722943722943,279.13419913419915,330.04329004329,445.3679653679654,"pear-bosc"
"925_RGB.png",220.6060606060606,324.15584415584414,374.3722943722944,473.76623376623377,"pear-bosc"
"899_RGB.png",173.16017316017314,209.87012987012986,332.8138528138528,347.01298701298697,"pear-bosc"
"926_RGB.png",285.021645021645,270.8225108225108,410.38961038961037,434.97835497835496,"pear-bosc"
"928_RGB.png",219.56709956709955,347.012987012987,343.2034632034632,503.54978354978357,"pear-bosc"
"927_RGB.png",122.25108225108225,333.16017316017314,270.8225108225108,487.6190476190476,"pear-bosc"
"952_RGB.png",291.2554112554112,253.50649350649348,405.5411255411255,380.9523809523809,"pear-bosc"
"954_RGB.png",134.71861471861473,271.5151515151515,280.86580086580085,421.81818181818176,"pear-bosc"
"953_RGB.png",343.2034632034633,301.29870129870136,448.48484848484856,430.1298701298702,"pear-bosc"
"957_RGB.png",245.54112554112552,220.95238095238093,368.48484848484844,353.2467532467532,"pear-bosc"
"955_RGB.png",199.13419913419912,228.57142857142856,331.42857142857144,365.71428571428567,"pear-bosc"
"956_RGB.png",184.5887445887446,353.93939393939394,313.4199134199134,505.6277056277056,"pear-bosc"
"973_RGB.png",248.3116883116883,367.79220779220776,367.0995670995671,498.7012987012987,"pear-bosc"
"972_RGB.png",239.3073593073593,295.06493506493507,355.67099567099564,437.05627705627705,"pear-bosc"
"976_RGB.png",149.26406926406926,344.93506493506493,294.71861471861473,504.24242424242425,"pear-bosc"
"975_RGB.png",228.9177489177489,347.012987012987,354.2857142857143,481.38528138528136,"pear-bosc"
"977_RGB.png",98.7012987012987,397.57575757575756,261.8181818181818,543.7229437229437,"pear-bosc"
"974_RGB.png",201.9047619047619,333.16017316017314,335.5844155844156,476.5367965367965,"pear-bosc"
"992_RGB.png",224.41558441558442,372.64069264069263,359.82683982683983,533.3333333333333,"pear-bosc"
"996_RGB.png",249.00432900432898,330.38961038961037,386.1471861471861,468.9177489177489,"pear-bosc"
"993_RGB.png",173.5064935064935,324.8484848484848,318.2683982683983,485.5411255411255,"pear-bosc"
"994_RGB.png",304.4155844155844,365.021645021645,423.54978354978357,500.08658008658006,"pear-bosc"
"997_RGB.png",208.8311688311688,319.3073593073593,348.051948051948,453.6796536796537,"pear-bosc"
"995_RGB.png",214.37229437229436,262.5108225108225,350.12987012987014,407.27272727272725,"pear-bosc"
"1157_RGB.png",215.06493506493504,337.3160173160173,377.8354978354978,484.8484848484848,"pear-bosc"
"1158_RGB.png",240,331.0822510822511,359.13419913419915,489.004329004329,"pear-bosc"
"1159_RGB.png",156.88311688311688,309.61038961038963,321.038961038961,464.069264069264,"pear-bosc"
"1156_RGB.png",255.93073593073592,275.67099567099564,395.1515151515151,414.19913419913416,"pear-bosc"
"1160_RGB.png",214.37229437229436,310.3030303030303,353.59307359307354,468.2251082251082,"pear-bosc"
"1170_RGB.png",246.9264069264069,330.38961038961037,372.2943722943723,491.7748917748918,"pear-bosc"
"1171_RGB.png",194.28571428571428,346.32034632034635,337.6623376623377,508.39826839826844,"pear-bosc"
"1169_RGB.png",286.4069264069264,331.08225108225105,406.9264069264069,482.07792207792204,"pear-bosc"
"1168_RGB.png",240,317.2294372294372,384.76190476190476,459.2207792207792,"pear-bosc"
"1161_RGB.png",158.26839826839827,229.95670995670994,325.1948051948052,394.1125541125541,"pear-bosc"
"1180_RGB.png",249.6969696969697,250.04329004329003,393.76623376623377,423.2034632034632,"pear-bosc"
"1173_RGB.png",201.2121212121212,305.45454545454544,361.2121212121212,461.2987012987013,"pear-bosc"
"1181_RGB.png",253.85281385281385,370.56277056277054,411.7748917748918,527.7922077922078,"pear-bosc"
"1182_RGB.png",258.7012987012987,299.2207792207792,405.54112554112555,464.069264069264,"pear-bosc"
"1172_RGB.png",209.52380952380952,355.3246753246753,355.6709956709957,509.09090909090907,"pear-bosc"
"1192_RGB.png",243.46320346320346,281.2121212121212,405.54112554112555,437.05627705627705,"pear-bosc"
"1193_RGB.png",179.04761904761904,257.6623376623377,350.12987012987014,419.04761904761904,"pear-bosc"
"1183_RGB.png",260.7792207792208,309.6103896103896,411.0822510822511,467.5324675324675,"pear-bosc"
"1184_RGB.png",321.038961038961,273.5930735930736,480,423.20346320346323,"pear-bosc"
"1185_RGB.png",296.1038961038961,299.2207792207792,444.3290043290043,454.3722943722944,"pear-bosc"
"1194_RGB.png",230.30303030303028,352.5541125541125,355.67099567099564,518.7878787878788,"pear-bosc"
"1195_RGB.png",215.06493506493504,321.3852813852814,377.1428571428571,475.1515151515152,"pear-bosc"
"1196_RGB.png",272.5541125541125,353.93939393939394,418.00865800865796,511.86147186147184,"pear-bosc"
"1204_RGB.png",265.6277056277056,336.6233766233766,403.4632034632034,519.4805194805194,"pear-bosc"
"1197_RGB.png",264.93506493506493,326.23376623376623,404.8484848484849,493.16017316017314,"pear-bosc"
"1207_RGB.png",216.45021645021643,347.7056277056277,381.991341991342,505.6277056277056,"pear-bosc"
"1206_RGB.png",280.17316017316017,294.37229437229433,409.6969696969697,466.8398268398268,"pear-bosc"
"1208_RGB.png",287.79220779220776,349.78354978354974,425.6277056277056,520.8658008658008,"pear-bosc"
"1209_RGB.png",161.73160173160173,326.9264069264069,334.89177489177484,495.2380952380952,"pear-bosc"
"1205_RGB.png",235.84415584415584,338.008658008658,377.8354978354978,519.4805194805194,"pear-bosc"
"1217_RGB.png",170.73593073593074,312.3809523809524,329.35064935064935,464.7619047619048,"pear-bosc"
"1216_RGB.png",240.69264069264068,360.86580086580085,385.45454545454544,504.24242424242425,"pear-bosc"
"1220_RGB.png",199.13419913419912,277.05627705627705,352.90043290043286,423.20346320346323,"pear-bosc"
"1218_RGB.png",202.59740259740258,308.9177489177489,336.27705627705626,452.29437229437224,"pear-bosc"
"1219_RGB.png",115.32467532467533,308.9177489177489,294.02597402597405,468.9177489177489,"pear-bosc"
"1162_RGB.png",267.70562770562776,330.3896103896104,418.35497835497836,477.92207792207796,"avocado-emp"
"1221_RGB.png",175.5844155844156,300.60606060606057,332.8138528138528,466.14718614718606,"pear-bosc"
"1163_RGB.png",222.68398268398266,315.1515151515151,378.52813852813847,481.38528138528136,"avocado-emp"
"1165_RGB.png",195.67099567099567,326.23376623376623,347.3593073593073,506.3203463203463,"avocado-emp"
"1164_RGB.png",219.91341991341992,337.31601731601734,390.995670995671,480.6926406926407,"avocado-emp"
"1167_RGB.png",210.2164502164502,302.68398268398266,345.97402597402595,477.9220779220779,"avocado-emp"
"1174_RGB.png",241.3852813852814,360.17316017316017,409.004329004329,520.8658008658008,"avocado-emp"
"1166_RGB.png",216.45021645021643,340.08658008658006,375.06493506493507,459.2207792207792,"avocado-emp"
"1175_RGB.png",226.83982683982683,382.3376623376623,379.9134199134199,574.8917748917748,"avocado-emp"
"1176_RGB.png",268.3982683982684,245.88744588744586,418.008658008658,402.4242424242424,"avocado-emp"
"1177_RGB.png",246.23376623376623,287.4458874458874,399.3073593073593,458.52813852813847,"avocado-emp"
"1179_RGB.png",207.44588744588745,365.021645021645,342.51082251082255,553.4199134199134,"avocado-emp"
"1187_RGB.png",199.13419913419912,268.05194805194805,358.4415584415584,452.987012987013,"avocado-emp"
"1178_RGB.png",265.6277056277056,390.64935064935065,413.8528138528138,522.2510822510823,"avocado-emp"
"1186_RGB.png",176.96969696969697,313.0735930735931,361.9047619047619,481.38528138528136,"avocado-emp"
"1191_RGB.png",146.4935064935065,272.2077922077922,313.4199134199134,446.7532467532467,"avocado-emp"
"1190_RGB.png",210.9090909090909,283.98268398268397,379.2207792207792,422.5108225108225,"avocado-emp"
"1198_RGB.png",145.1082251082251,322.7705627705628,323.8095238095238,494.5454545454545,"avocado-emp"
"1188_RGB.png",190.82251082251082,249.35064935064935,369.5238095238095,405.1948051948052,"avocado-emp"
"1189_RGB.png",192.2077922077922,275.67099567099564,358.4415584415584,462.68398268398266,"avocado-emp"
"1200_RGB.png",138.87445887445887,342.1645021645022,303.030303030303,502.1645021645022,"avocado-emp"
"1199_RGB.png",162.4242424242424,281.2121212121212,343.8961038961039,447.4458874458874,"avocado-emp"
"1202_RGB.png",201.2121212121212,334.5454545454545,353.59307359307354,484.1558441558441,"avocado-emp"
"1201_RGB.png",128.48484848484847,387.8787878787879,305.8008658008658,541.6450216450216,"avocado-emp"
"1203_RGB.png",164.5021645021645,322.7705627705628,325.1948051948052,495.9307359307359,"avocado-emp"
"1213_RGB.png",136.7965367965368,227.18614718614717,350.8225108225108,386.49350649350646,"avocado-emp"
"1210_RGB.png",203.2900432900433,274.97835497835496,350.8225108225108,477.9220779220779,"avocado-emp"
"1212_RGB.png",152.03463203463204,266.66666666666663,303.7229437229437,487.6190476190476,"avocado-emp"
"1214_RGB.png",188.05194805194805,256.27705627705626,368.13852813852816,413.5064935064935,"avocado-emp"
"1211_RGB.png",176.27705627705626,251.42857142857142,374.37229437229433,406.5800865800866,"avocado-emp"
"1222_RGB.png",161.73160173160173,339.39393939393943,320.34632034632034,509.7835497835498,"avocado-emp"
"1223_RGB.png",120.17316017316017,283.98268398268397,269.0909090909091,487.6190476190476,"avocado-emp"
"1215_RGB.png",199.13419913419912,278.44155844155847,338.35497835497836,464.0692640692641,"avocado-emp"
"1224_RGB.png",147.18614718614717,389.26406926406924,339.7402597402597,513.9393939393939,"avocado-emp"
"1225_RGB.png",167.96536796536796,377.48917748917745,320.34632034632034,536.7965367965368,"avocado-emp"
"1235_RGB.png",138.87445887445887,341.4718614718615,278.78787878787875,537.4891774891775,"avocado-emp"
"1227_RGB.png",192.9004329004329,312.38095238095235,343.8961038961039,444.67532467532465,"avocado-emp"
"1236_RGB.png",201.2121212121212,346.3203463203463,363.98268398268397,470.30303030303025,"avocado-emp"
"1234_RGB.png",149.26406926406926,322.0779220779221,330.73593073593076,472.3809523809524,"avocado-emp"
"1226_RGB.png",124.3290043290043,365.7142857142857,272.5541125541125,560.3463203463203,"avocado-emp"
"1237_RGB.png",206.06060606060606,300.60606060606057,350.8225108225108,461.991341991342,"avocado-emp"
"1239_RGB.png",184.5887445887446,304.76190476190476,327.27272727272725,470.30303030303025,"avocado-emp"
"1228_RGB.png",120.17316017316017,375.4112554112554,289.87012987012986,551.3419913419914,"pear-bosc"
"1238_RGB.png",169.35064935064935,322.07792207792204,323.8095238095238,443.29004329004323,"avocado-emp"
"1229_RGB.png",249.35064935064935,286.06060606060606,400.6926406926407,421.8181818181818,"pear-bosc"
"1230_RGB.png",230.995670995671,274.97835497835496,361.9047619047619,430.12987012987014,"pear-bosc"
"1233_RGB.png",240.69264069264068,308.9177489177489,385.45454545454544,458.52813852813847,"pear-bosc"
"1231_RGB.png",161.03896103896102,320,325.19480519480516,478.61471861471864,"pear-bosc"
"1232_RGB.png",218.52813852813853,298.5281385281385,382.68398268398266,455.06493506493507,"pear-bosc"
"1240_RGB.png",197.74891774891773,279.13419913419915,336.27705627705626,439.13419913419915,"pear-bosc"
"1242_RGB.png",214.37229437229436,280.5194805194805,361.2121212121212,440.5194805194805,"pear-bosc"
"1243_RGB.png",195.67099567099567,304.0692640692641,344.5887445887446,460.6060606060606,"pear-bosc"
"1241_RGB.png",212.98701298701297,268.7445887445887,366.75324675324674,409.3506493506493,"pear-bosc"
"1245_RGB.png",150.64935064935065,309.6103896103896,316.8831168831169,498.7012987012987,"pear-bosc"
"1244_RGB.png",178.35497835497836,331.7748917748918,339.7402597402597,492.46753246753246,"pear-bosc"
"1246_RGB.png",190.1298701298701,324.8484848484848,340.4329004329004,478.6147186147186,"pear-bosc"
"1249_RGB.png",206.06060606060606,329.004329004329,346.66666666666663,473.76623376623377,"pear-bosc"
"1248_RGB.png",263.54978354978357,338.008658008658,393.76623376623377,479.3073593073593,"pear-bosc"
"1250_RGB.png",201.9047619047619,368.48484848484844,352.2077922077922,543.7229437229437,"pear-bosc"
"1247_RGB.png",220.6060606060606,352.5541125541125,376.45021645021643,491.08225108225105,"pear-bosc"
"1254_RGB.png",181.8181818181818,320,328.6580086580086,490.3896103896104,"pear-bosc"
"1251_RGB.png",210.2164502164502,337.31601731601734,372.29437229437224,484.8484848484849,"pear-bosc"
"1252_RGB.png",248.3116883116883,312.3809523809524,384.7619047619047,459.91341991341994,"pear-bosc"
"1255_RGB.png",208.13852813852813,326.9264069264069,354.2857142857143,489.6969696969697,"pear-bosc"
"1253_RGB.png",176.96969696969697,322.07792207792204,308.57142857142856,459.22077922077915,"pear-bosc"
"1257_RGB.png",221.99134199134198,333.1601731601732,373.67965367965365,500.77922077922074,"pear-bosc"
"1259_RGB.png",217.83549783549782,353.93939393939394,369.5238095238095,490.38961038961037,"pear-bosc"
"1256_RGB.png",230.30303030303028,332.46753246753246,386.83982683982686,470.995670995671,"pear-bosc"
"1258_RGB.png",267.012987012987,283.98268398268397,409.69696969696975,425.28138528138527,"pear-bosc"
"1260_RGB.png",273.93939393939394,304.0692640692641,416.62337662337666,445.3679653679654,"pear-bosc"
"1261_RGB.png",219.2207792207792,287.4458874458874,372.29437229437224,445.3679653679653,"pear-bosc"
"1262_RGB.png",237.9220779220779,277.056277056277,391.68831168831167,428.74458874458867,"pear-bosc"
"1264_RGB.png",242.07792207792207,333.8528138528138,382.68398268398266,489.69696969696963,"pear-bosc"
"1265_RGB.png",286.4069264069264,305.45454545454544,424.24242424242425,440.5194805194805,"pear-bosc"
"1263_RGB.png",225.45454545454544,283.2900432900433,378.52813852813847,437.74891774891773,"pear-bosc"
"1266_RGB.png",264.93506493506493,331.7748917748918,406.9264069264069,481.38528138528136,"pear-bosc"
"1267_RGB.png",259.3939393939394,315.8441558441558,398.6147186147186,483.4632034632034,"pear-bosc"
"1269_RGB.png",220.6060606060606,317.2294372294372,370.9090909090909,490.38961038961037,"pear-bosc"
"1268_RGB.png",264.93506493506493,282.5974025974026,411.0822510822511,446.75324675324674,"pear-bosc"
"1270_RGB.png",213.67965367965368,327.61904761904765,335.5844155844156,476.5367965367966,"pear-bosc"
"1272_RGB.png",220.60606060606062,331.77489177489184,337.66233766233773,460.6060606060606,"pear-bosc"
"1271_RGB.png",228.9177489177489,297.1428571428571,357.74891774891773,414.89177489177484,"pear-bosc"
"1273_RGB.png",177.66233766233765,334.5454545454545,306.4935064935065,473.7662337662337,"pear-bosc"
"1275_RGB.png",215.06493506493504,272.90043290043286,339.7402597402597,407.96536796536793,"pear-bosc"
"1274_RGB.png",225.1082251082251,341.4718614718615,344.5887445887446,478.61471861471864,"pear-bosc"
"1276_RGB.png",145.1082251082251,316.53679653679654,265.6277056277056,454.3722943722944,"pear-bosc"
"1279_RGB.png",185.97402597402598,313.0735930735931,316.19047619047615,442.5974025974026,"pear-bosc"
"1277_RGB.png",233.76623376623377,263.8961038961039,339.7402597402597,389.2640692640693,"pear-bosc"
"1278_RGB.png",225.45454545454544,321.38528138528136,341.1255411255411,454.37229437229433,"pear-bosc"
"1280_RGB.png",228.9177489177489,317.2294372294372,348.05194805194805,447.4458874458874,"pear-bosc"
"1281_RGB.png",152.72727272727272,341.4718614718615,294.71861471861473,486.9264069264069,"pear-bosc"